feature,coefficient
GrLivArea,204336.37742434276
OverallQual,192918.12495962565
2ndFlrSF,72179.54839284315
1stFlrSF,52137.65949557057
YearBuilt,30393.451452879875
GarageYrBlt,-21396.63812607646
PoolArea,14425.935259961112
GarageCars,13504.296725933082
Id,-13370.659956254713
YearRemodAdd,-12837.19002376548
OverallCond,9164.46179440562
BsmtHalfBath,9097.838135241464
HalfBath,-8884.301895360899
MoSold,7951.555233694904
BsmtFinSF1,7504.2486933697
FullBath,-7116.959065942871
GarageArea,-5472.888020137374
LotFrontage,-5407.230681927843
LowQualFinSF,-5350.493837292823
TotRmsAbvGrd,4813.875489684465
BsmtFullBath,-4750.733111591611
ScreenPorch,3392.931626675057
BsmtUnfSF,3212.8577755526103
LotArea,-3074.94396540637
MSSubClass,-2665.576682409879
WoodDeckSF,-2380.5222504072167
BedroomAbvGr,-2215.346006932721
KitchenAbvGr,2032.4467461070815
Fireplaces,-1661.1974110109113
MasVnrArea,-1483.0311074398892
YrSold,-1461.5384302746822
BsmtFinSF2,1412.3319761101432
EnclosedPorch,1327.4086294462052
TotalBsmtSF,-850.3371887124819
OpenPorchSF,-375.3553893865762
MiscVal,-328.37013159134904
3SsnPorch,180.70384173783745
